                  epoch,         train/box_loss,         train/cls_loss,         train/dfl_loss,   metrics/precision(B),      metrics/recall(B),       metrics/mAP50(B),    metrics/mAP50-95(B),           val/box_loss,           val/cls_loss,           val/dfl_loss,                 lr/pg0,                 lr/pg1,                 lr/pg2
                      1,                 2.1298,                 5.0439,                 1.6977,                      0,                      0,                      0,                      0,                 2.1411,                 5.0068,                 1.8595,                  4e-05,                  4e-05,                  4e-05
                      2,                  2.081,                 4.9744,                  1.686,                0.00083,                0.16667,                0.00052,                0.00037,                 1.7304,                 4.7328,                 1.5171,              9.967e-05,              9.967e-05,              9.967e-05
                      3,                 1.9148,                 4.7535,                 1.3451,                 0.0025,                    0.5,                0.00297,                0.00184,                 1.7226,                 4.5363,                 1.1016,             0.00015894,             0.00015894,             0.00015894
                      4,                 1.6069,                 3.6727,                  1.222,                 0.0025,                    0.5,                0.00288,                0.00147,                 1.3579,                 4.0442,                0.99686,             0.00021782,             0.00021782,             0.00021782
                      5,                  1.601,                  2.721,                 1.0694,                0.00333,                0.66667,                 0.0071,                0.00465,                 1.3721,                 3.7951,                0.97809,              0.0002763,              0.0002763,              0.0002763
                      6,                 1.4952,                 3.3917,                  1.118,                0.00333,                0.66667,                0.38462,                0.10637,                  1.444,                 3.8419,                0.96963,             0.00033439,             0.00033439,             0.00033439
                      7,                 1.4655,                 2.1354,                 1.0818,                0.00417,                0.83333,                0.00631,                0.00321,                 1.3404,                 3.6922,                0.93119,             0.00039208,             0.00039208,             0.00039208
                      8,                 1.5633,                 2.1197,                 1.0948,                0.00333,                0.66667,                0.00449,                0.00287,                 1.3376,                 3.7427,                0.93383,             0.00044937,             0.00044937,             0.00044937
                      9,                 1.5032,                 2.4344,                 1.1299,                0.00333,                0.66667,                0.00438,                0.00305,                  1.233,                 3.7259,                0.90909,             0.00050627,             0.00050627,             0.00050627
                     10,                 1.5193,                 2.3531,                 1.0554,                0.00417,                0.83333,                0.00593,                0.00381,                   1.15,                 3.7672,                0.89985,             0.00056277,             0.00056277,             0.00056277
                     11,                 1.4539,                 2.0129,                 1.0633,                0.00333,                0.66667,                0.00412,                0.00259,                 1.3289,                 4.1081,                 1.0059,             0.00061888,             0.00061888,             0.00061888
                     12,                 1.6352,                  2.064,                 1.0513,                0.00417,                0.83333,                0.00462,                0.00252,                 1.2673,                 3.9731,                0.96954,             0.00067459,             0.00067459,             0.00067459
                     13,                   1.48,                 1.9657,                 1.0397,                0.00417,                0.83333,                0.00461,                0.00252,                 1.4156,                  3.929,                0.99454,              0.0007299,              0.0007299,              0.0007299
                     14,                 1.4825,                 2.1834,                  1.086,                0.00417,                0.83333,                 0.0047,                0.00258,                 1.5396,                  3.957,                  1.014,             0.00078482,             0.00078482,             0.00078482
                     15,                 1.3976,                 1.6117,                 1.0157,                0.00333,                0.66667,                0.00402,                0.00246,                 1.6308,                 4.0268,                 1.0409,             0.00083934,             0.00083934,             0.00083934
                     16,                 1.4327,                 1.7793,                 1.0894,                0.00333,                0.66667,                0.00585,                0.00364,                 1.5013,                  3.791,                 1.0252,             0.00089347,             0.00089347,             0.00089347
                     17,                 1.3612,                 1.4297,                 1.0339,                0.00333,                0.66667,                0.16804,                 0.1011,                 1.5745,                 3.7846,                 1.0605,              0.0009472,              0.0009472,              0.0009472
                     18,                 1.4727,                 1.9583,                 1.0879,                0.00333,                0.66667,                0.16841,                0.11784,                 1.5424,                 3.8942,                 1.0273,              0.0010005,              0.0010005,              0.0010005
                     19,                 1.3453,                 1.7873,                 1.0273,                0.00333,                0.66667,                0.26327,                0.12802,                 1.5127,                 3.6885,                 1.0224,              0.0010535,              0.0010535,              0.0010535
                     20,                 1.3724,                 1.7214,                 1.0698,                0.00333,                0.66667,                0.49698,                0.22731,                 1.5312,                  3.525,                 1.0178,               0.001106,               0.001106,               0.001106
                     21,                 1.3382,                 1.4574,                0.99852,                      1,                0.30688,                  0.497,                0.27662,                 1.4416,                 3.3621,                0.98911,              0.0011582,              0.0011582,              0.0011582
                     22,                 1.3096,                 1.7554,                 1.0191,                      1,                0.31602,                0.50186,                0.30761,                 1.4421,                 3.2394,                 1.0124,              0.0012099,              0.0012099,              0.0012099
                     23,                 1.3341,                  1.533,                0.99725,                0.63724,                0.66667,                0.63156,                0.36435,                 1.5518,                 3.2331,                  1.071,              0.0012613,              0.0012613,              0.0012613
                     24,                 1.3181,                 1.4445,                  1.012,                0.00333,                0.66667,                0.45966,                0.18871,                 1.6297,                   3.52,                 1.1567,              0.0013122,              0.0013122,              0.0013122
                     25,                 1.2756,                 1.6258,                0.97903,                0.83784,                0.33333,                0.33714,                0.18484,                 1.6635,                 3.5578,                 1.1484,              0.0013628,              0.0013628,              0.0013628
                     26,                 1.3099,                 1.5501,                 1.0103,                0.94514,                0.33333,                0.39564,                0.22866,                 1.7018,                 3.3352,                 1.1565,              0.0014129,              0.0014129,              0.0014129
                     27,                 1.4006,                 1.5847,                0.99119,                0.95098,                0.33333,                0.41564,                0.13353,                 2.1106,                 3.2428,                 1.3405,              0.0014627,              0.0014627,              0.0014627
                     28,                 1.5275,                  1.524,                 1.0331,                0.94222,                0.33333,                0.50712,                0.19545,                 1.8683,                 3.1246,                 1.2209,              0.0015121,              0.0015121,              0.0015121
                     29,                 1.3127,                 1.4242,                0.99982,                0.94222,                0.33333,                0.50712,                0.19545,                 1.8683,                 3.1246,                 1.2209,              0.0015611,              0.0015611,              0.0015611
                     30,                 1.4248,                 1.5571,                 1.0532,                      1,                0.49261,                0.63156,                0.32933,                 1.5142,                 2.8324,                 1.0352,              0.0016097,              0.0016097,              0.0016097
                     31,                 1.3581,                 1.4734,                 1.0186,                0.77739,                0.66667,                0.66556,                0.39341,                 1.4909,                  2.508,                 1.0031,              0.0016578,              0.0016578,              0.0016578
                     32,                 1.3341,                 1.5704,                 1.0898,                      1,                0.49557,                0.66556,                0.35784,                  1.653,                 2.4659,                 1.0365,              0.0017056,              0.0017056,              0.0017056
                     33,                 1.3135,                 1.4777,                 1.0398,                      1,                0.49557,                0.66556,                0.35784,                  1.653,                 2.4659,                 1.0365,               0.001753,               0.001753,               0.001753
                     34,                 1.3262,                 1.3701,                 1.0142,                      1,                0.61989,                 0.6662,                0.41561,                 1.5763,                 2.2073,                  1.014,              0.0017822,              0.0017822,              0.0017822
                     35,                  1.319,                 1.4763,                 1.0382,                0.99408,                    0.5,                0.64366,                 0.3272,                 1.9323,                 2.1327,                 1.1402,              0.0017756,              0.0017756,              0.0017756
                     36,                 1.2252,                 1.3182,                0.97999,                0.90586,                    0.5,                0.59963,                0.26782,                 1.9031,                 2.4659,                 1.1784,               0.001769,               0.001769,               0.001769
                     37,                 1.2781,                 1.4595,                 1.0265,                0.90586,                    0.5,                0.59963,                0.26782,                 1.9031,                 2.4659,                 1.1784,              0.0017624,              0.0017624,              0.0017624
                     38,                 1.2349,                 1.3124,                 0.9841,                      1,                0.47925,                0.63443,                0.33019,                 1.7546,                 2.5612,                 1.2046,              0.0017558,              0.0017558,              0.0017558
                     39,                 1.2364,                 1.4219,                0.97715,                0.72831,                0.45663,                0.65367,                0.33858,                 1.6871,                 2.1453,                 1.2246,              0.0017492,              0.0017492,              0.0017492
                     40,                 1.2301,                 1.2473,                0.99035,                0.75823,                0.52742,                0.72077,                0.34548,                 1.9061,                 2.0452,                 1.2787,              0.0017426,              0.0017426,              0.0017426
                     41,                 1.2114,                 1.1895,                0.99732,                0.75823,                0.52742,                0.72077,                0.34548,                 1.9061,                 2.0452,                 1.2787,               0.001736,               0.001736,               0.001736
                     42,                  1.262,                 1.2215,                0.99561,                0.54974,                0.66667,                0.66312,                0.24482,                 2.1091,                 2.1446,                 1.3761,              0.0017294,              0.0017294,              0.0017294
                     43,                 1.1469,                 1.2013,                0.97314,                0.48852,                0.83333,                0.64978,                0.29636,                 2.0067,                  1.917,                 1.2983,              0.0017228,              0.0017228,              0.0017228
                     44,                 1.1063,                 1.1187,                0.96235,                0.69536,                0.66667,                0.75277,                0.37719,                  1.859,                 1.6218,                 1.1977,              0.0017162,              0.0017162,              0.0017162
                     45,                 1.1376,                 1.1523,                0.94683,                0.69536,                0.66667,                0.75277,                0.37719,                  1.859,                 1.6218,                 1.1977,              0.0017096,              0.0017096,              0.0017096
                     46,                  1.171,                 1.1586,                0.96305,                 0.8286,                0.80968,                0.77867,                0.39078,                 1.9015,                 1.6374,                 1.2298,               0.001703,               0.001703,               0.001703
                     47,                 1.2209,                  1.139,                 1.0079,                0.69048,                0.75001,                0.72077,                0.33873,                 2.1726,                 1.7045,                 1.3389,              0.0016964,              0.0016964,              0.0016964
                     48,                 1.1612,                 1.2024,                0.94888,                0.70969,                0.81724,                 0.6982,                0.32163,                  2.005,                 1.8215,                 1.2493,              0.0016898,              0.0016898,              0.0016898
                     49,                  1.153,                 1.2392,                0.94576,                0.70969,                0.81724,                 0.6982,                0.32163,                  2.005,                 1.8215,                 1.2493,              0.0016832,              0.0016832,              0.0016832
                     50,                 1.2178,                 1.0788,                0.96174,                0.63188,                    0.5,                0.67492,                0.40905,                  1.599,                 1.6947,                 1.0936,              0.0016766,              0.0016766,              0.0016766
                     51,                 1.2346,                 1.1412,                 1.0014,                      1,                0.49587,                0.67748,                0.42696,                 1.5968,                 1.5313,                 1.1142,                0.00167,                0.00167,                0.00167
                     52,                 1.1013,                  1.106,                0.97424,                0.97801,                    0.5,                0.67748,                0.44845,                 1.5651,                 1.4678,                  1.092,              0.0016634,              0.0016634,              0.0016634
                     53,                 1.1313,                 1.1027,                0.96033,                0.97801,                    0.5,                0.67748,                0.44845,                 1.5651,                 1.4678,                  1.092,              0.0016568,              0.0016568,              0.0016568
                     54,                 1.0952,                 1.0645,                0.96538,                0.98257,                    0.5,                0.70312,                0.34357,                 1.6533,                 1.6427,                 1.1418,              0.0016502,              0.0016502,              0.0016502
                     55,                 1.1375,                 1.0557,                 1.0102,                      1,                0.49995,                0.71492,                0.27495,                 1.8551,                 1.6845,                 1.2369,              0.0016436,              0.0016436,              0.0016436
                     56,                  1.086,                0.99344,                 0.9432,                0.82646,                0.79895,                0.77867,                0.29277,                      2,                 1.5209,                 1.3269,               0.001637,               0.001637,               0.001637
                     57,                 1.0897,                0.96299,                0.94996,                0.82646,                0.79895,                0.77867,                0.29277,                      2,                 1.5209,                 1.3269,              0.0016304,              0.0016304,              0.0016304
                     58,                 1.1147,                 1.0785,                0.93988,                0.79134,                0.83333,                0.77867,                0.29747,                 2.0408,                 1.3087,                 1.3613,              0.0016238,              0.0016238,              0.0016238
                     59,                 1.0807,                 1.0607,                0.94527,                0.77011,                0.83333,                0.77867,                0.37875,                  1.901,                  1.325,                 1.2786,              0.0016172,              0.0016172,              0.0016172
                     60,                0.97332,                 0.9643,                0.92302,                0.72844,                0.83333,                0.77867,                0.40297,                 1.7904,                  1.372,                 1.1365,              0.0016106,              0.0016106,              0.0016106
                     61,                 1.0798,                0.98741,                 0.9643,                0.72844,                0.83333,                0.77867,                0.40297,                 1.7904,                  1.372,                 1.1365,               0.001604,               0.001604,               0.001604
                     62,                 1.1407,                0.99057,                0.99504,                0.76883,                0.83333,                0.77867,                0.41491,                 1.6643,                 1.2778,                 1.1023,              0.0015974,              0.0015974,              0.0015974
                     63,                 1.0751,                0.93262,                0.94227,                0.80894,                0.83333,                0.77867,                 0.3214,                 1.9178,                 1.3809,                 1.1992,              0.0015908,              0.0015908,              0.0015908
                     64,                 1.0601,                0.88061,                0.93669,                0.80925,                0.83333,                0.77867,                0.35411,                 1.8983,                 1.2732,                 1.2039,              0.0015842,              0.0015842,              0.0015842
                     65,                 1.0683,                 0.9902,                0.92532,                0.80925,                0.83333,                0.77867,                0.35411,                 1.8983,                 1.2732,                 1.2039,              0.0015776,              0.0015776,              0.0015776
                     66,                0.99231,                0.89452,                0.92361,                0.68785,                0.83333,                0.75277,                 0.3581,                 1.9109,                 1.2297,                 1.1865,               0.001571,               0.001571,               0.001571
                     67,                 1.1307,                0.92671,                0.95078,                0.83292,                0.83125,                0.77867,                0.44127,                 1.7179,                 1.1771,                 1.1451,              0.0015644,              0.0015644,              0.0015644
                     68,                0.90464,                0.86948,                  0.863,                0.77085,                0.83333,                0.77867,                0.39073,                 1.6731,                 1.1558,                 1.1634,              0.0015578,              0.0015578,              0.0015578
                     69,                0.91976,                0.85673,                0.91477,                0.77085,                0.83333,                0.77867,                0.39073,                 1.6731,                 1.1558,                 1.1634,              0.0015512,              0.0015512,              0.0015512
                     70,                 1.0573,                0.83616,                0.95059,                0.82504,                0.83333,                0.83534,                0.47725,                   1.62,                 1.1189,                 1.1683,              0.0015446,              0.0015446,              0.0015446
                     71,                 0.9804,                0.83113,                0.92638,                0.96036,                0.83333,                0.83534,                0.47508,                 1.5468,                 1.2457,                 1.1077,               0.001538,               0.001538,               0.001538
                     72,                 1.0329,                0.91712,                0.96152,                0.95369,                0.83333,                0.83582,                0.50723,                 1.4909,                  1.117,                 1.0677,              0.0015314,              0.0015314,              0.0015314
                     73,                  1.072,                0.85367,                0.94562,                0.95369,                0.83333,                0.83582,                0.50723,                 1.4909,                  1.117,                 1.0677,              0.0015248,              0.0015248,              0.0015248
                     74,                 1.0399,                0.83088,                0.87436,                      1,                0.82388,                0.86324,                0.50542,                 1.4985,                 1.0561,                 1.0363,              0.0015182,              0.0015182,              0.0015182
                     75,                 0.9063,                0.87891,                0.89231,                0.98738,                0.83333,                0.83534,                0.49421,                 1.6514,                 1.0502,                 1.0893,              0.0015116,              0.0015116,              0.0015116
                     76,                 1.0033,                 0.8459,                0.87543,                0.98563,                0.83333,                0.85962,                0.47256,                  1.721,                  1.095,                 1.1492,               0.001505,               0.001505,               0.001505
                     77,                0.98652,                0.77983,                0.88152,                0.98563,                0.83333,                0.85962,                0.47256,                  1.721,                  1.095,                 1.1492,              0.0014984,              0.0014984,              0.0014984
                     78,                0.94142,                0.78513,                0.92988,                0.97429,                0.83333,                0.83583,                0.45364,                 1.7443,                 1.0953,                 1.1785,              0.0014918,              0.0014918,              0.0014918
                     79,                0.99279,                0.84418,                0.95157,                0.83142,                0.83333,                0.83534,                0.46401,                 1.7456,                 1.1114,                 1.2163,              0.0014852,              0.0014852,              0.0014852
                     80,                 1.0291,                0.81236,                0.91449,                0.81397,                0.83333,                0.80701,                 0.3806,                 1.9947,                 1.3268,                 1.3279,              0.0014786,              0.0014786,              0.0014786
                     81,                0.91897,                0.80116,                0.91906,                0.81397,                0.83333,                0.80701,                 0.3806,                 1.9947,                 1.3268,                 1.3279,               0.001472,               0.001472,               0.001472
                     82,                0.96942,                0.81702,                0.90219,                0.98426,                0.83333,                0.83534,                0.41677,                 2.0164,                 1.3283,                 1.3185,              0.0014654,              0.0014654,              0.0014654
                     83,                0.95701,                0.78213,                0.91345,                0.97652,                0.83333,                0.83534,                0.43373,                 1.8177,                 1.1375,                 1.1886,              0.0014588,              0.0014588,              0.0014588
                     84,                0.98682,                0.80204,                0.96109,                0.98151,                0.83333,                0.83535,                0.47595,                 1.7475,                 1.1238,                 1.1297,              0.0014522,              0.0014522,              0.0014522
                     85,                0.94963,                0.78144,                0.88715,                0.98151,                0.83333,                0.83535,                0.47595,                 1.7475,                 1.1238,                 1.1297,              0.0014456,              0.0014456,              0.0014456
                     86,                0.93887,                0.77626,                0.90025,                      1,                0.81491,                0.83534,                0.39902,                 1.8879,                 1.1277,                 1.1794,               0.001439,               0.001439,               0.001439
                     87,                  1.014,                0.79163,                 0.9363,                      1,                0.81256,                0.83534,                0.37342,                 2.0981,                 1.1019,                 1.3497,              0.0014324,              0.0014324,              0.0014324
                     88,                0.98062,                 0.7478,                0.92087,                0.82995,                0.81643,                0.80701,                 0.3931,                 2.1659,                 1.2054,                 1.4288,              0.0014258,              0.0014258,              0.0014258
                     89,                 0.9461,                0.76517,                0.89879,                0.82995,                0.81643,                0.80701,                 0.3931,                 2.1659,                 1.2054,                 1.4288,              0.0014192,              0.0014192,              0.0014192
                     90,                0.88893,                0.77882,                0.92478,                0.98816,                0.66667,                0.78677,                0.39503,                 2.1562,                 1.1587,                 1.4387,              0.0014126,              0.0014126,              0.0014126
                     91,                  0.795,                0.76427,                0.88524,                0.99344,                0.66667,                0.78677,                0.32757,                 2.2964,                 1.1287,                  1.504,               0.001406,               0.001406,               0.001406
                     92,                 1.0074,                0.86384,                0.94929,                      1,                0.80262,                0.83534,                0.36723,                 2.1974,                   1.09,                 1.4156,              0.0013994,              0.0013994,              0.0013994
                     93,                0.84782,                0.76786,                0.87245,                      1,                0.80262,                0.83534,                0.36723,                 2.1974,                   1.09,                 1.4156,              0.0013928,              0.0013928,              0.0013928
                     94,                0.89554,                0.74119,                0.88531,                0.97881,                0.83333,                0.83534,                0.36743,                 2.1288,                 1.1096,                 1.4266,              0.0013862,              0.0013862,              0.0013862
                     95,                 0.8459,                0.71211,                 0.8988,                0.95669,                0.83333,                0.86409,                0.39086,                 2.1938,                 1.3079,                  1.493,              0.0013796,              0.0013796,              0.0013796
                     96,                0.84193,                0.70576,                0.92232,                0.96237,                0.83333,                  0.875,                0.30626,                 2.3319,                 1.3222,                 1.6105,               0.001373,               0.001373,               0.001373
                     97,                0.91423,                0.77668,                0.88078,                0.96237,                0.83333,                  0.875,                0.30626,                 2.3319,                 1.3222,                 1.6105,              0.0013664,              0.0013664,              0.0013664
                     98,                0.89116,                0.69731,                0.87497,                0.97635,                0.83333,                 0.8734,                0.30652,                 2.2824,                 1.1878,                 1.5673,              0.0013598,              0.0013598,              0.0013598
                     99,                 0.8689,                0.75085,                0.88728,                0.98325,                0.83333,                0.86929,                0.34818,                 2.1365,                 1.0574,                 1.5351,              0.0013532,              0.0013532,              0.0013532
                    100,                0.80599,                0.69015,                0.87298,                0.96853,                0.83333,                0.86167,                0.38008,                  1.977,                 1.2015,                 1.4573,              0.0013466,              0.0013466,              0.0013466
                    101,                0.86664,                0.68709,                  0.897,                0.96853,                0.83333,                0.86167,                0.38008,                  1.977,                 1.2015,                 1.4573,                0.00134,                0.00134,                0.00134
                    102,                0.84261,                0.76869,                0.88998,                0.82737,                0.83333,                0.84095,                0.35629,                 2.1098,                 1.3001,                 1.4961,              0.0013334,              0.0013334,              0.0013334
                    103,                0.77669,                0.66603,                0.82855,                0.93633,                0.66667,                0.83976,                0.31263,                 2.2021,                 1.2784,                 1.5129,              0.0013268,              0.0013268,              0.0013268
                    104,                0.86152,                0.72973,                0.91925,                0.95691,                0.66667,                0.85043,                0.36145,                 2.0523,                 1.1175,                 1.4162,              0.0013202,              0.0013202,              0.0013202
                    105,                0.84647,                0.70119,                0.88975,                0.95691,                0.66667,                0.85043,                0.36145,                 2.0523,                 1.1175,                 1.4162,              0.0013136,              0.0013136,              0.0013136
                    106,                0.85735,                0.73055,                0.90044,                      1,                0.79879,                  0.899,                0.38292,                 2.0832,                 1.0869,                 1.4306,               0.001307,               0.001307,               0.001307
                    107,                0.88158,                 0.6876,                0.90402,                0.97144,                0.83333,                  0.899,                0.38445,                 1.9954,                 1.0295,                 1.3473,              0.0013004,              0.0013004,              0.0013004
                    108,                0.89139,                0.71212,                0.87744,                0.96201,                0.83333,                0.87674,                0.39193,                 1.8819,                 1.0899,                 1.2877,              0.0012938,              0.0012938,              0.0012938
                    109,                0.88994,                0.66271,                0.88867,                0.96201,                0.83333,                0.87674,                0.39193,                 1.8819,                 1.0899,                 1.2877,              0.0012872,              0.0012872,              0.0012872
                    110,                0.90495,                0.70073,                0.90744,                0.94541,                0.83333,                0.85346,                0.39232,                 1.7805,                 1.1104,                 1.2532,              0.0012806,              0.0012806,              0.0012806
                    111,                0.86312,                0.70861,                0.88534,                0.94207,                0.83333,                0.83586,                0.41947,                 1.6926,                  1.147,                 1.2579,               0.001274,               0.001274,               0.001274
                    112,                0.84242,                0.67289,                0.85508,                0.81046,                0.83333,                0.80704,                0.43339,                 1.6229,                 1.1199,                  1.238,              0.0012674,              0.0012674,              0.0012674
                    113,                0.78141,                0.63766,                0.88443,                0.81046,                0.83333,                0.80704,                0.43339,                 1.6229,                 1.1199,                  1.238,              0.0012608,              0.0012608,              0.0012608
                    114,                0.75474,                0.64181,                0.85527,                0.83059,                0.81961,                0.77871,                0.42135,                 1.5915,                 1.0234,                 1.2407,              0.0012542,              0.0012542,              0.0012542
                    115,                0.83131,                0.67393,                0.90059,                0.81098,                0.83333,                0.77927,                0.42148,                 1.6277,                0.93826,                 1.2487,              0.0012476,              0.0012476,              0.0012476
                    116,                0.79139,                0.65775,                0.87194,                0.80436,                0.83333,                0.77922,                0.40289,                 1.6966,                0.99942,                 1.2416,               0.001241,               0.001241,               0.001241
                    117,                0.81317,                0.64274,                 0.8848,                0.80436,                0.83333,                0.77922,                0.40289,                 1.6966,                0.99942,                 1.2416,              0.0012344,              0.0012344,              0.0012344
                    118,                0.81915,                0.68176,                0.88731,                0.80697,                0.83333,                0.80703,                0.38883,                 1.8559,                 1.0956,                 1.2627,              0.0012278,              0.0012278,              0.0012278
                    119,                0.81151,                0.69153,                0.87125,                0.80779,                0.83333,                0.80703,                0.40888,                 1.8668,                 1.1593,                 1.2351,              0.0012212,              0.0012212,              0.0012212
                    120,                0.80436,                0.62127,                0.89099,                0.81836,                0.83333,                0.83536,                0.43374,                 1.8789,                 1.1174,                 1.2158,              0.0012146,              0.0012146,              0.0012146
                    121,                0.79518,                0.63152,                0.85444,                0.81836,                0.83333,                0.83536,                0.43374,                 1.8789,                 1.1174,                 1.2158,               0.001208,               0.001208,               0.001208
                    122,                0.79304,                0.67675,                0.87639,                 0.8198,                0.83333,                0.83261,                0.40397,                 1.9637,                  1.057,                 1.2412,              0.0012014,              0.0012014,              0.0012014
                    123,                0.78664,                0.61784,                0.87179,                 0.8225,                0.83333,                0.84507,                0.39712,                 2.0987,                  1.087,                 1.2872,              0.0011948,              0.0011948,              0.0011948
                    124,                0.84192,                0.65139,                0.87822,                0.82377,                0.83333,                0.80015,                 0.3726,                 2.0304,                 1.0739,                 1.2413,              0.0011882,              0.0011882,              0.0011882
                    125,                0.81822,                0.68372,                0.89008,                0.82377,                0.83333,                0.80015,                 0.3726,                 2.0304,                 1.0739,                 1.2413,              0.0011816,              0.0011816,              0.0011816
                    126,                0.74386,                0.60454,                0.86231,                 0.8259,                0.83333,                0.75204,                0.35863,                 1.9727,                  1.112,                  1.214,               0.001175,               0.001175,               0.001175
                    127,                0.78537,                0.65567,                0.85243,                0.82678,                0.83333,                0.77872,                0.37614,                 2.0122,                   1.16,                 1.2347,              0.0011684,              0.0011684,              0.0011684
                    128,                0.80315,                0.60548,                 0.8555,                0.83261,                0.82971,                0.81033,                0.37615,                 2.1631,                 1.2458,                   1.31,              0.0011618,              0.0011618,              0.0011618
                    129,                0.96911,                 0.6791,                0.92215,                0.83261,                0.82971,                0.81033,                0.37615,                 2.1631,                 1.2458,                   1.31,              0.0011552,              0.0011552,              0.0011552
                    130,                 0.7905,                0.65915,                0.87097,                0.83056,                0.81947,                0.84233,                0.38856,                 2.1661,                 1.2422,                 1.3231,              0.0011486,              0.0011486,              0.0011486
                    131,                0.77188,                0.60882,                0.87691,                 0.8306,                0.81967,                0.83894,                 0.4099,                 1.9776,                 1.1097,                 1.2538,               0.001142,               0.001142,               0.001142
                    132,                 0.7297,                0.64789,                0.82757,                0.83312,                0.83226,                  0.885,                0.41891,                 1.8123,                  1.056,                 1.2143,              0.0011354,              0.0011354,              0.0011354
                    133,                0.88544,                0.59966,                 0.8706,                0.83312,                0.83226,                  0.885,                0.41891,                 1.8123,                  1.056,                 1.2143,              0.0011288,              0.0011288,              0.0011288
                    134,                0.81703,                0.60708,                0.86289,                0.83138,                0.83333,                  0.885,                0.37492,                 1.8714,                 1.0768,                 1.2384,              0.0011222,              0.0011222,              0.0011222
                    135,                0.84836,                0.62241,                 0.8845,                0.83313,                0.83333,                  0.885,                0.36915,                 2.0366,                  1.141,                 1.2823,              0.0011156,              0.0011156,              0.0011156
                    136,                0.80468,                0.62173,                0.82603,                0.83191,                0.82624,                0.87433,                0.36406,                 2.1249,                 1.1059,                 1.3009,               0.001109,               0.001109,               0.001109
                    137,                0.83983,                0.61415,                0.86446,                0.83191,                0.82624,                0.87433,                0.36406,                 2.1249,                 1.1059,                 1.3009,              0.0011024,              0.0011024,              0.0011024
                    138,                0.81305,                0.63287,                0.85897,                0.69401,                0.83333,                0.83243,                0.38537,                 1.9748,                 1.0564,                  1.254,              0.0010958,              0.0010958,              0.0010958
                    139,                0.88764,                0.65557,                 0.8962,                0.70138,                0.83333,                0.82627,                0.41786,                 1.7915,                 1.0126,                 1.1909,              0.0010892,              0.0010892,              0.0010892
                    140,                0.75971,                0.56621,                0.86758,                0.83135,                0.82343,                0.83833,                0.42703,                 1.7077,                0.94404,                  1.165,              0.0010826,              0.0010826,              0.0010826
                    141,                0.76778,                 0.5771,                0.82427,                0.83135,                0.82343,                0.83833,                0.42703,                 1.7077,                0.94404,                  1.165,               0.001076,               0.001076,               0.001076
                    142,                0.77699,                0.55844,                0.81908,                0.83234,                0.82838,                0.84233,                0.42818,                 1.8152,                 0.9743,                 1.1885,              0.0010694,              0.0010694,              0.0010694
                    143,                0.92056,                0.65076,                0.91765,                0.83189,                0.82614,                0.85467,                0.40724,                 1.8969,                 1.0502,                 1.2057,              0.0010628,              0.0010628,              0.0010628
                    144,                0.87947,                0.59006,                0.88249,                0.83057,                0.81951,                0.82633,                0.35673,                  1.835,                  1.057,                 1.1769,              0.0010562,              0.0010562,              0.0010562
                    145,                0.72155,                0.57269,                0.87035,                0.83057,                0.81951,                0.82633,                0.35673,                  1.835,                  1.057,                 1.1769,              0.0010496,              0.0010496,              0.0010496
                    146,                0.71823,                0.59282,                0.85883,                0.67708,                0.83333,                0.80295,                0.39368,                 1.7675,                 1.0624,                 1.1507,               0.001043,               0.001043,               0.001043
                    147,                  0.756,                0.59573,                0.85601,                 0.8319,                0.82617,                0.82886,                 0.4039,                   1.76,                0.98694,                 1.1539,              0.0010364,              0.0010364,              0.0010364
                    148,                0.78604,                0.58958,                0.87179,                0.83176,                0.83333,                0.85238,                0.39757,                 1.8299,                 1.0233,                 1.1842,              0.0010298,              0.0010298,              0.0010298
                    149,                0.78868,                0.54862,                0.91922,                0.83176,                0.83333,                0.85238,                0.39757,                 1.8299,                 1.0233,                 1.1842,              0.0010232,              0.0010232,              0.0010232
                    150,                0.81428,                 0.5823,                0.84028,                0.82941,                0.83333,                0.85238,                0.40847,                 1.9841,                0.99396,                  1.306,              0.0010166,              0.0010166,              0.0010166
                    151,                0.76713,                0.55514,                0.83764,                0.82034,                0.83333,                0.84507,                0.36521,                 2.1166,                 1.0466,                 1.3764,                0.00101,                0.00101,                0.00101
                    152,                0.80984,                 0.5724,                0.86568,                0.81378,                0.83333,                0.84095,                0.37322,                 1.9633,                 1.0287,                 1.2828,              0.0010034,              0.0010034,              0.0010034
                    153,                 0.7329,                 0.5518,                0.84565,                0.81378,                0.83333,                0.84095,                0.37322,                 1.9633,                 1.0287,                 1.2828,              0.0009968,              0.0009968,              0.0009968
                    154,                0.84852,                0.58098,                0.86902,                 0.8316,                0.83333,                0.86095,                0.42602,                 1.6967,                0.89434,                 1.1763,              0.0009902,              0.0009902,              0.0009902
                    155,                0.83234,                0.53193,                0.87134,                 0.8913,                0.83333,                  0.847,                0.45411,                 1.6178,                0.85889,                 1.1668,              0.0009836,              0.0009836,              0.0009836
                    156,                0.82329,                0.55437,                0.87351,                0.86451,                0.83333,                0.84736,                0.44211,                 1.7289,                0.89645,                  1.213,               0.000977,               0.000977,               0.000977
                    157,                0.78637,                0.57998,                0.85707,                0.86451,                0.83333,                0.84736,                0.44211,                 1.7289,                0.89645,                  1.213,              0.0009704,              0.0009704,              0.0009704
                    158,                0.68631,                0.55299,                 0.8661,                0.87507,                0.83333,                0.84633,                0.41372,                 1.8817,                0.97794,                 1.3336,              0.0009638,              0.0009638,              0.0009638
                    159,                0.87561,                0.59301,                 0.8669,                0.90166,                0.83333,                0.84495,                0.38178,                 1.9845,                 1.0048,                 1.4065,              0.0009572,              0.0009572,              0.0009572
                    160,                0.78928,                0.55686,                0.85148,                0.88248,                0.83333,                0.84603,                0.40448,                  1.963,                0.99501,                 1.3738,              0.0009506,              0.0009506,              0.0009506
                    161,                0.67838,                0.50197,                0.84888,                0.88248,                0.83333,                0.84603,                0.40448,                  1.963,                0.99501,                 1.3738,               0.000944,               0.000944,               0.000944
                    162,                0.75561,                0.54516,                0.88035,                0.82735,                0.83333,                0.84907,                0.40427,                 1.8657,                 1.0208,                  1.289,              0.0009374,              0.0009374,              0.0009374
                    163,                 0.6507,                0.52714,                 0.8554,                0.82462,                0.83333,                0.84775,                0.41837,                   1.78,                 1.0064,                 1.2228,              0.0009308,              0.0009308,              0.0009308
                    164,                0.77226,                 0.5246,                0.86933,                0.81799,                0.83333,                0.81942,                 0.3725,                 1.8058,                 1.0129,                 1.2362,              0.0009242,              0.0009242,              0.0009242
                    165,                0.67717,                0.51054,                0.82326,                0.81799,                0.83333,                0.81942,                 0.3725,                 1.8058,                 1.0129,                 1.2362,              0.0009176,              0.0009176,              0.0009176
                    166,                0.69855,                0.49621,                0.83177,                0.82137,                0.83333,                0.81983,                 0.3757,                 1.9831,                0.99816,                 1.3214,               0.000911,               0.000911,               0.000911
                    167,                0.71564,                0.53145,                0.82921,                 0.8223,                0.83333,                0.81867,                0.32705,                 2.1493,                 1.0657,                 1.4331,              0.0009044,              0.0009044,              0.0009044
                    168,                0.75018,                0.54149,                0.82878,                0.82155,                0.83333,                0.81451,                0.33365,                 2.2253,                 1.1215,                 1.5036,              0.0008978,              0.0008978,              0.0008978
                    169,                0.87752,                0.57137,                0.86949,                0.82155,                0.83333,                0.81451,                0.33365,                 2.2253,                 1.1215,                 1.5036,              0.0008912,              0.0008912,              0.0008912
                    170,                0.76523,                0.55156,                0.87266,                 0.8189,                0.83333,                0.82754,                0.34629,                 2.2031,                  1.112,                 1.4875,              0.0008846,              0.0008846,              0.0008846
                    171,                0.67267,                0.51313,                0.86785,                0.82301,                0.83333,                  0.855,                0.39734,                 2.1261,                 1.1117,                 1.3725,               0.000878,               0.000878,               0.000878
                    172,                0.70771,                0.58249,                0.88381,                0.83203,                0.83333,                0.85155,                0.42327,                 2.0222,                0.99798,                 1.2921,              0.0008714,              0.0008714,              0.0008714
                    173,                0.78629,                0.57023,                0.84746,                0.83203,                0.83333,                0.85155,                0.42327,                 2.0222,                0.99798,                 1.2921,              0.0008648,              0.0008648,              0.0008648
                    174,                0.73099,                 0.5172,                0.84291,                0.87497,                0.83333,                0.84075,                0.42122,                  1.924,                0.98248,                 1.2445,              0.0008582,              0.0008582,              0.0008582
